{"loss": 0.08047401905059814, "avg_loss": 14.56760607053977, "_runtime": 261, "_timestamp": 1634167566, "_step": 775, "train_accuracy": 0.53265625, "valid_accuracy": 0.509375}