{"loss": 0.04569200053811073, "avg_loss": 3.4836721139216418, "_runtime": 1183, "_timestamp": 1634194969, "_step": 2757, "train_accuracy": 0.48775, "valid_accuracy": 0.49333333333333335}