cl_method,steps,lr,num_epochs,CSR(T),AEFR(T),UKR(T),OKR(T),KG(T)
none_cl,0,0.0,0.0,0.521875,0.0,0.802734375,0.568359375,0.3125
simple_cl,2088,3e-05,6.0,0.6231249999999999,0.8877959554359706,0.77734375,0.87109375,0.525
simple_cl,2190,5e-05,6.0,0.59453125,0.9494752599117894,0.708984375,0.759765625,0.43984375
