cl_method,steps,lr,num_epochs,CSR(T),AEFR(T),UKR(T),OKR(T),KG(T)
none_cl,0,0.0,0.0,0.48015624999999995,0.0,0.802734375,0.482421875,0.3125
simple_cl,1854,3e-05,6.0,0.6699999999999999,0.8889767345091708,0.76171875,0.8671875,0.375
simple_cl,1968,5e-05,6.0,0.64359375,0.9208874993248293,0.703125,0.845703125,0.3765625
