path,cl_method,steps,T,b,alpha,beta,gamma,AEFR(T),AUKR,AOKR,ACSR,AKG,AOEC,UKR(T),OKR(T),CSR(T),KG(T),OEC(T)
qa_nonecl_T=100|b=64|alpha=0.9|beta=0.5|gamma=0.8_offline=no_result.json,none_cl,0,100,64,0.9,0.5,0.8,0.0,0.802734375,0.4369140625,0.449495256273777,0.3125,0.5004109234434443,0.802734375,0.361328125,0.354375,0.3125,0.457734375
qa_simplecl_lr=3e-5_ep=10_l2w=0_T=100|b=64|alpha=0.9|beta=0.5|gamma=0.8_result.json,simple_cl-l2w=0.0,4130,100,64,0.9,0.5,0.8,0.9735926451697963,0.7205255681818182,0.838671875,0.5593135344717111,0.4568181818181818,0.6438322898679278,0.662109375,0.77734375,0.5348437500000001,0.4890625,0.61583984375
qa_oewc_lr=3e-5_ep=10_lbd=250_gm=9e-1_T=100|b=64|alpha=0.9|beta=0.5|gamma=0.8_result.json,online_ewc-250.0-0.9,4150,100,64,0.9,0.5,0.8,0.9748955641765469,0.7338423295454546,0.8609375,0.5616959493812319,0.4734375,0.6574783197316716,0.685546875,0.857421875,0.53671875,0.5328125,0.653125
qa_er_lr=3e-5_ep=10_l2w=0_rs=32_rf=3_T=100|b=64|alpha=0.9|beta=0.5|gamma=0.8_result.json,er-32-3-l2w=0.0,5380,100,64,0.9,0.5,0.8,0.9703751308208406,0.7471590909090909,0.86171875,0.5756123723516502,0.45830965909090904,0.6606999680879124,0.73046875,0.859375,0.54984375,0.5046875,0.66109375
qa_mir_lr=3e-5_ep=10_l2w=0_rs=32_rf=3_mcs=256_none_T=100|b=64|alpha=0.9|beta=0.5|gamma=0.8_result.json,mir-32/256-3-none-l2w=0.0,5430,100,64,0.9,0.5,0.8,0.9712275041799693,0.7555042613636364,0.86640625,0.5676220775875794,0.46292613636363633,0.6631146813287131,0.748046875,0.884765625,0.54375,0.52421875,0.6751953125000001
