{"loss": 0.03576713055372238, "avg_loss": 3.001733838656748, "_runtime": 3651, "_timestamp": 1634179479, "_step": 3959, "train_accuracy": 0.9147395833333334, "valid_accuracy": 0.521875}