{"loss": 2.713602066040039, "train_accuracy": 0.5566666666666666, "valid_accuracy": 0.5566666666666666, "_runtime": 172, "_timestamp": 1634165683, "_step": 786}