{"loss": 0.03624890372157097, "avg_loss": 87.37815310731138, "_runtime": 924, "_timestamp": 1634179481, "_step": 949, "train_accuracy": 0.89953125, "valid_accuracy": 0.5222395833333333}