{"loss": 5.764575958251953, "avg_loss": 11.647357550477981, "_runtime": 3457, "_timestamp": 1634171771, "_step": 9999, "train_accuracy": 0.44916666666666666, "valid_accuracy": 0.499, "_wandb": {"runtime": 3457}}