cl_method,steps,lr,num_epochs,CSR(T),AEFR(T),UKR(T),OKR(T),KG(T)
none_cl,0,0.0,0.0,0.33546875,0.0,0.802734375,0.373046875,0.3125
simple_cl,2508,3e-05,6.0,0.530625,0.9105743670885922,0.708984375,0.82421875,0.5046875
simple_cl,2742,5e-05,6.0,0.48624999999999996,0.9582784212505807,0.662109375,0.791015625,0.45234375
