{"loss": 0.12042887508869171, "avg_loss": 277.577051140035, "train_accuracy": 0.8116666666666666, "valid_accuracy": 0.486953125, "_runtime": 581, "_timestamp": 1634166336, "_step": 3400}