{"loss": 0.04607023298740387, "avg_loss": 19.003619200866765, "_runtime": 369, "_timestamp": 1634175818, "_step": 393, "train_accuracy": 0.49083333333333334, "valid_accuracy": 0.47919270833333333}