{"loss": 0.1390676647424698, "avg_loss": 14.37300119940789, "_runtime": 187, "_timestamp": 1634166528, "_step": 716, "train_accuracy": 0.5058333333333334, "valid_accuracy": 0.50125}