{"loss": 182.10275268554688, "avg_loss": 6661.653764632669, "train_accuracy": 0.535, "valid_accuracy": 0.48265625, "_runtime": 63, "_timestamp": 1634165750, "_step": 100}