{"loss": 6.341217041015625, "avg_loss": 6.432207374327436, "_runtime": 341, "_timestamp": 1634178120, "_step": 310, "train_accuracy": 0.45916666666666667, "valid_accuracy": 0.4791666666666667}