path,cl_method,steps,AEFR(T),AUKR,AOKR,ACSR,AKG,AOEC,UKR(T),OKR(T),CSR(T),KG(T),OEC(T)
QA_nonecl_T=100|b=64|alpha=0.9|beta=0.5|gamma=0.8_result.json,none_cl,0,0.0,0.802734375,0.4369140625,0.449495256273777,0.3125,0.5004109234434443,0.802734375,0.361328125,0.354375,0.3125,0.457734375
QA_simplecl_lr=3e-5_ep=10_T=100|b=64|alpha=0.9|beta=0.5|gamma=0.8_result.json,simple_cl,4130,0.9735926451697963,0.7205255681818182,0.838671875,0.5593135344717111,0.4568181818181818,0.6438322898679278,0.662109375,0.77734375,0.5348437500000001,0.4890625,0.61583984375
qa_simplecl_lr=3e-5_ep=10_l2w=1_T=100|b=64|alpha=0.9|beta=0.5|gamma=0.8_result.json,simple_cl-l2w=1.0,4120,0.9718373031167999,0.7347301136363636,0.8537109375,0.572695979703575,0.4711647727272727,0.6580754508918029,0.7109375,0.8359375,0.5449999999999999,0.51171875,0.6508984375
qa_oewc_lr=3e-5_ep=10_lbd=250_gm=9e-1_T=100|b=64|alpha=0.9|beta=0.5|gamma=0.8_result.json,online_ewc-250.0-0.9,4150,0.9748955641765469,0.7338423295454546,0.8609375,0.5616959493812319,0.4734375,0.6574783197316716,0.685546875,0.857421875,0.53671875,0.5328125,0.653125
QA_er_lr=3e-5_ep=10_rs=32_rf=3_T=100|b=64|alpha=0.9|beta=0.5|gamma=0.8_result.json,er-32-3,5420,0.9707185684707479,0.7530184659090909,0.8728515625,0.5602119102040105,0.476065340909091,0.6655368198805481,0.724609375,0.873046875,0.54078125,0.5265625,0.66625
QA_mir_lr=3e-5_ep=10_rs=32_rf=3_mcs=256_T=100|b=64|alpha=0.9|beta=0.5|gamma=0.8_result.json,mir-32/256-3-none,5420,0.9707726522038306,0.7592329545454546,0.8712890625,0.5691073617714344,0.47215909090909086,0.6679471174314949,0.7578125,0.875,0.5453125,0.51796875,0.6740234375
QA_mir_lr=3e-5_ep=10_rs=32_rf=3_mcs=256_largest_afterloss_T=100|b=64|alpha=0.9|beta=0.5|gamma=0.8_result.json,mir-32/256-3-largest_afterloss,5330,0.9743241174047773,0.7542613636363636,0.8689453125,0.5714072204395435,0.4669744318181818,0.6653970820985222,0.75,0.84765625,0.5510937499999999,0.51328125,0.6655078124999999
