{"loss": 5.920605659484863, "avg_loss": 14.710351995190086, "_runtime": 373, "_timestamp": 1634178511, "_step": 390, "train_accuracy": 0.47588541666666667, "valid_accuracy": 0.46598958333333335}