{
    "results_on_bugs": [
        [
            {
                "EM": 0.04,
                "QA-F1": 0.4990004909074919
            },
            {
                "EM": 0.54,
                "QA-F1": 0.8030607346548522
            }
        ]
    ],
    "results_on_passes": [
        [
            {
                "EM": 0.92,
                "QA-F1": 0.9714285714285714
            },
            {
                "EM": 0.84,
                "QA-F1": 0.9219047619047619
            }
        ]
    ]
}