{"loss": 0.13791464269161224, "avg_loss": 0.8571014925459315, "_runtime": 358, "_timestamp": 1634166890, "_step": 1575, "train_accuracy": 0.5075, "valid_accuracy": 0.48875}