{"loss": 0.03316335380077362, "avg_loss": 0.3242047196235508, "_runtime": 1447, "_timestamp": 1634202800, "_step": 2999, "train_accuracy": 0.8491080729166667, "valid_accuracy": 0.5461979166666666, "_wandb": {"runtime": 1447}}