{"loss": 0.04269922897219658, "avg_loss": 19.914906310512688, "_runtime": 247, "_timestamp": 1634175107, "_step": 240, "train_accuracy": 0.8018229166666667, "valid_accuracy": 0.50171875}