{"loss": 0.045902300626039505, "avg_loss": 56.090937763964845, "_runtime": 385, "_timestamp": 1634167956, "_step": 508, "train_accuracy": 0.54, "valid_accuracy": 0.50515625}