{"loss": 0.045685481280088425, "avg_loss": 0.3566029272668314, "_runtime": 984, "_timestamp": 1634178162, "_step": 951, "train_accuracy": 0.5472916666666666, "valid_accuracy": 0.5225}