{"loss": 0.045680273324251175, "avg_loss": 0.1818933227097156, "_runtime": 409, "_timestamp": 1634177205, "_step": 400, "train_accuracy": 0.5565104166666667, "valid_accuracy": 0.5083333333333333}