{"loss": 0.044816359877586365, "avg_loss": 8.533177428940386, "_runtime": 420, "_timestamp": 1634193764, "_step": 907, "train_accuracy": 0.6055546875, "valid_accuracy": 0.4784114583333333}