{"loss": 0.1370760202407837, "avg_loss": 49.32733243809996, "_runtime": 406, "_timestamp": 1634167300, "_step": 1880, "train_accuracy": 0.6051041666666667, "valid_accuracy": 0.49234375}