{"loss": 0.04573112726211548, "avg_loss": 131.55046161473032, "_runtime": 344, "_timestamp": 1634168309, "_step": 700, "train_accuracy": 0.51703125, "valid_accuracy": 0.50809375}