{"loss": 6.853253364562988, "avg_loss": 232.03813933412874, "_runtime": 325, "_timestamp": 1634175437, "_step": 340, "train_accuracy": 0.49916666666666665, "valid_accuracy": 0.49078125}