{"loss": 0.02100207284092903, "avg_loss": 0.14584140634937828, "_runtime": 2692, "_timestamp": 1634197689, "_step": 6300, "train_accuracy": 0.9489375, "valid_accuracy": 0.55171875}